{
  "class_names": [
    "Heat Dissipation Failure",
    "Multiple Failures",
    "No Failure",
    "Overstrain Failure",
    "Power Failure",
    "Tool Wear Failure"
  ],
  "best_result": {
    "feature_set": "engineered",
    "sampler": "smote",
    "model": "logistic_regression",
    "accuracy": 0.9304652326163082,
    "balanced_accuracy": 0.9880151750301777,
    "f1_macro": 0.8462257116115431,
    "f1_weighted": 0.9599498829462378,
    "precision_macro": 0.8434684684684685,
    "recall_macro": 0.9880151750301777,
    "classification_report": {
      "Heat Dissipation Failure": {
        "precision": 1.0,
        "recall": 1.0,
        "f1-score": 1.0,
        "support": 21.0
      },
      "Multiple Failures": {
        "precision": 1.0,
        "recall": 1.0,
        "f1-score": 1.0,
        "support": 4.0
      },
      "No Failure": {
        "precision": 1.0,
        "recall": 0.9280910501810657,
        "f1-score": 0.9627045881405957,
        "support": 1933.0
      },
      "Overstrain Failure": {
        "precision": 1.0,
        "recall": 1.0,
        "f1-score": 1.0,
        "support": 16.0
      },
      "Power Failure": {
        "precision": 1.0,
        "recall": 1.0,
        "f1-score": 1.0,
        "support": 16.0
      },
      "Tool Wear Failure": {
        "precision": 0.060810810810810814,
        "recall": 1.0,
        "f1-score": 0.11464968152866242,
        "support": 9.0
      },
      "accuracy": 0.9304652326163082,
      "macro avg": {
        "precision": 0.8434684684684685,
        "recall": 0.9880151750301777,
        "f1-score": 0.8462257116115431,
        "support": 1999.0
      },
      "weighted avg": {
        "precision": 0.9957715344158565,
        "recall": 0.9304652326163082,
        "f1-score": 0.9599498829462378,
        "support": 1999.0
      }
    },
    "confusion_matrix": [
      [
        21,
        0,
        0,
        0,
        0,
        0
      ],
      [
        0,
        4,
        0,
        0,
        0,
        0
      ],
      [
        0,
        0,
        1794,
        0,
        0,
        139
      ],
      [
        0,
        0,
        0,
        16,
        0,
        0
      ],
      [
        0,
        0,
        0,
        0,
        16,
        0
      ],
      [
        0,
        0,
        0,
        0,
        0,
        9
      ]
    ],
    "train_time_seconds": 4.263
  },
  "total_experiments": 24
}