{
  "feature_set": "engineered",
  "sampler": "smote",
  "model": "logistic_regression",
  "accuracy": 0.9304652326163082,
  "balanced_accuracy": 0.9880151750301777,
  "f1_macro": 0.8462257116115431,
  "f1_weighted": 0.9599498829462378,
  "precision_macro": 0.8434684684684685,
  "recall_macro": 0.9880151750301777,
  "train_time_seconds": 4.263
}